Name,Group,Mean,StdDev,Median,Min,Max,Ops,Total
test_pandas_iloc,iloc,5.184144174923688e-05,5.4904485234157694e-06,5.0700000000070133e-05,4.839999999983746e-05,0.00021100000000018326,19289.58698404101,0.15173990000001636
test_sloth_iloc,iloc,1.3381476527168115e-05,0.00010038268641186829,1.0599999999971743e-05,6.0999999997868315e-06,0.01251559999999996,74730.16882477222,0.21007580000001225
test_pandas_rolling,rolling mean,0.0003494164408867057,3.837788879207715e-05,0.00034419999999979467,0.0003060000000001395,0.0006677999999999962,2861.9145609242773,0.56745230000001
test_sloth_rolling,rolling mean,4.055688828889377e-05,4.805053200466615e-05,3.549999999963305e-05,1.8400000000085015e-05,0.001087799999999639,24656.723979335547,0.6008502999999612
test_pandas_resample,resample mean,0.004139758783783773,0.0004668415890235061,0.004018950000000299,0.003658200000000278,0.006669999999999732,241.55996815978537,0.6126842999999984
test_sloth_resample,resample mean,0.0022732976623376887,0.0016537057278873915,0.0019562999999998,0.001733399999999996,0.02900549999999935,439.8896002785993,0.8752196000000101
